{
  "model": "gradient_boosting",
  "best_cv_f1": 0.8456719239456522,
  "test_accuracy": 0.8686868686868687,
  "test_f1": 0.8728585666915837,
  "best_params": {
    "n_estimators": 676,
    "max_depth": 3,
    "learning_rate": 0.03536644964531017,
    "subsample": 0.8781888865621649,
    "min_samples_split": 13,
    "min_samples_leaf": 9,
    "max_features": "sqrt",
    "ccp_alpha": 0.003914261577592328
  },
  "classification_report": {
    "Accuracy": {
      "precision": 1.0,
      "recall": 1.0,
      "f1-score": 1.0,
      "support": 18.0
    },
    "Extreme": {
      "precision": 0.625,
      "recall": 0.9375,
      "f1-score": 0.75,
      "support": 16.0
    },
    "Speed": {
      "precision": 1.0,
      "recall": 0.9047619047619048,
      "f1-score": 0.95,
      "support": 21.0
    },
    "Standard": {
      "precision": 0.8125,
      "recall": 0.8666666666666667,
      "f1-score": 0.8387096774193549,
      "support": 15.0
    },
    "Tech": {
      "precision": 0.9545454545454546,
      "recall": 0.7241379310344828,
      "f1-score": 0.8235294117647058,
      "support": 29.0
    },
    "accuracy": 0.8686868686868687,
    "macro avg": {
      "precision": 0.878409090909091,
      "recall": 0.8866133004926109,
      "f1-score": 0.8724478178368121,
      "support": 99.0
    },
    "weighted avg": {
      "precision": 0.8976698806244261,
      "recall": 0.8686868686868687,
      "f1-score": 0.8728585666915837,
      "support": 99.0
    }
  },
  "n_trials": 100
}