{
  "model": "gradient_boosting",
  "best_cv_f1": 0.8492971371752137,
  "test_accuracy": 0.8686868686868687,
  "test_f1": 0.869542936698362,
  "best_params": {
    "n_estimators": 554,
    "max_depth": 3,
    "learning_rate": 0.02816929988402289,
    "subsample": 0.7765125740456844,
    "min_samples_split": 13,
    "min_samples_leaf": 7,
    "max_features": "sqrt",
    "ccp_alpha": 2.349278273300721e-05
  },
  "classification_report": {
    "Accuracy": {
      "precision": 1.0,
      "recall": 1.0,
      "f1-score": 1.0,
      "support": 18.0
    },
    "Extreme": {
      "precision": 0.7058823529411765,
      "recall": 0.75,
      "f1-score": 0.7272727272727273,
      "support": 16.0
    },
    "Speed": {
      "precision": 0.9473684210526315,
      "recall": 0.8571428571428571,
      "f1-score": 0.9,
      "support": 21.0
    },
    "Standard": {
      "precision": 0.875,
      "recall": 0.9333333333333333,
      "f1-score": 0.9032258064516129,
      "support": 15.0
    },
    "Tech": {
      "precision": 0.8275862068965517,
      "recall": 0.8275862068965517,
      "f1-score": 0.8275862068965517,
      "support": 29.0
    },
    "accuracy": 0.8686868686868687,
    "macro avg": {
      "precision": 0.871167396178072,
      "recall": 0.8736124794745483,
      "f1-score": 0.8716169481241784,
      "support": 99.0
    },
    "weighted avg": {
      "precision": 0.8718571160521625,
      "recall": 0.8686868686868687,
      "f1-score": 0.869542936698362,
      "support": 99.0
    }
  },
  "n_trials": 100
}