{
  "model": "random_forest",
  "best_cv_f1": 0.8466134438077519,
  "test_accuracy": 0.8282828282828283,
  "test_f1": 0.8253166395581256,
  "best_params": {
    "n_estimators": 282,
    "max_depth": 10,
    "min_samples_split": 15,
    "min_samples_leaf": 10,
    "max_features": 0.3
  },
  "classification_report": {
    "Accuracy": {
      "precision": 0.8571428571428571,
      "recall": 1.0,
      "f1-score": 0.9230769230769231,
      "support": 18.0
    },
    "Extreme": {
      "precision": 0.6818181818181818,
      "recall": 0.9375,
      "f1-score": 0.7894736842105263,
      "support": 16.0
    },
    "Speed": {
      "precision": 0.9047619047619048,
      "recall": 0.9047619047619048,
      "f1-score": 0.9047619047619048,
      "support": 21.0
    },
    "Standard": {
      "precision": 0.7692307692307693,
      "recall": 0.6666666666666666,
      "f1-score": 0.7142857142857143,
      "support": 15.0
    },
    "Tech": {
      "precision": 0.9090909090909091,
      "recall": 0.6896551724137931,
      "f1-score": 0.7843137254901961,
      "support": 29.0
    },
    "accuracy": 0.8282828282828283,
    "macro avg": {
      "precision": 0.8244089244089243,
      "recall": 0.8397167487684729,
      "f1-score": 0.8231823903650529,
      "support": 99.0
    },
    "weighted avg": {
      "precision": 0.8408056589874772,
      "recall": 0.8282828282828283,
      "f1-score": 0.8253166395581256,
      "support": 99.0
    }
  },
  "n_trials": 100
}