{
  "model": "random_forest",
  "best_cv_f1": 0.8354211073609994,
  "test_accuracy": 0.8686868686868687,
  "test_f1": 0.8695438707633829,
  "best_params": {
    "n_estimators": 725,
    "max_depth": null,
    "min_samples_split": 5,
    "min_samples_leaf": 10,
    "max_features": "sqrt"
  },
  "classification_report": {
    "Accuracy": {
      "precision": 1.0,
      "recall": 1.0,
      "f1-score": 1.0,
      "support": 18.0
    },
    "Extreme": {
      "precision": 0.7368421052631579,
      "recall": 0.875,
      "f1-score": 0.8,
      "support": 16.0
    },
    "Speed": {
      "precision": 0.95,
      "recall": 0.9047619047619048,
      "f1-score": 0.926829268292683,
      "support": 21.0
    },
    "Standard": {
      "precision": 0.8,
      "recall": 0.8,
      "f1-score": 0.8,
      "support": 15.0
    },
    "Tech": {
      "precision": 0.8518518518518519,
      "recall": 0.7931034482758621,
      "f1-score": 0.8214285714285714,
      "support": 29.0
    },
    "accuracy": 0.8686868686868687,
    "macro avg": {
      "precision": 0.8677387914230019,
      "recall": 0.8745730706075534,
      "f1-score": 0.8696515679442509,
      "support": 99.0
    },
    "weighted avg": {
      "precision": 0.8731634079587296,
      "recall": 0.8686868686868687,
      "f1-score": 0.8695438707633829,
      "support": 99.0
    }
  },
  "n_trials": 150
}