{
  "model": "random_forest",
  "best_cv_f1": 0.8503025594224176,
  "test_accuracy": 0.7339449541284404,
  "test_f1": 0.7332732325151803,
  "best_params": {
    "n_estimators": 428,
    "max_depth": 20,
    "min_samples_split": 13,
    "min_samples_leaf": 4,
    "max_features": "log2"
  },
  "classification_report": {
    "Accuracy": {
      "precision": 0.9090909090909091,
      "recall": 1.0,
      "f1-score": 0.9523809523809523,
      "support": 20.0
    },
    "Extreme": {
      "precision": 0.5,
      "recall": 0.7368421052631579,
      "f1-score": 0.5957446808510638,
      "support": 19.0
    },
    "Speed": {
      "precision": 0.8095238095238095,
      "recall": 0.7727272727272727,
      "f1-score": 0.7906976744186046,
      "support": 22.0
    },
    "Standard": {
      "precision": 0.7058823529411765,
      "recall": 0.75,
      "f1-score": 0.7272727272727273,
      "support": 16.0
    },
    "Tech": {
      "precision": 0.8095238095238095,
      "recall": 0.53125,
      "f1-score": 0.6415094339622641,
      "support": 32.0
    },
    "accuracy": 0.7339449541284404,
    "macro avg": {
      "precision": 0.7468041762159409,
      "recall": 0.7581638755980862,
      "f1-score": 0.7415210937771224,
      "support": 109.0
    },
    "weighted avg": {
      "precision": 0.7586258857170892,
      "recall": 0.7339449541284404,
      "f1-score": 0.7332732325151803,
      "support": 109.0
    }
  },
  "n_trials": 100
}