{
  "model": "random_forest",
  "best_cv_f1": 0.8854080324224464,
  "test_accuracy": 0.8210526315789474,
  "test_f1": 0.8167873271695986,
  "best_params": {
    "n_estimators": 499,
    "max_depth": 20,
    "min_samples_split": 4,
    "min_samples_leaf": 2,
    "max_features": "sqrt"
  },
  "classification_report": {
    "Accuracy": {
      "precision": 0.9,
      "recall": 1.0,
      "f1-score": 0.9473684210526315,
      "support": 18.0
    },
    "Extreme": {
      "precision": 0.6,
      "recall": 0.9230769230769231,
      "f1-score": 0.7272727272727273,
      "support": 13.0
    },
    "Speed": {
      "precision": 0.9090909090909091,
      "recall": 1.0,
      "f1-score": 0.9523809523809523,
      "support": 20.0
    },
    "Standard": {
      "precision": 0.75,
      "recall": 0.6,
      "f1-score": 0.6666666666666666,
      "support": 15.0
    },
    "Tech": {
      "precision": 0.9047619047619048,
      "recall": 0.6551724137931034,
      "f1-score": 0.76,
      "support": 29.0
    },
    "accuracy": 0.8210526315789474,
    "macro avg": {
      "precision": 0.8127705627705628,
      "recall": 0.8356498673740054,
      "f1-score": 0.8107377534745955,
      "support": 95.0
    },
    "weighted avg": {
      "precision": 0.838630667578036,
      "recall": 0.8210526315789474,
      "f1-score": 0.8167873271695986,
      "support": 95.0
    }
  },
  "n_trials": 150
}