{
  "model": "xgboost",
  "best_cv_f1": 0.8463986699382445,
  "test_accuracy": 0.8383838383838383,
  "test_f1": 0.8343446229986832,
  "best_params": {
    "n_estimators": 696,
    "max_depth": 5,
    "learning_rate": 0.026437494239011837,
    "subsample": 0.8044345031569676,
    "colsample_bytree": 0.7611118601156411,
    "min_child_weight": 3,
    "gamma": 0.07755518864422806,
    "reg_alpha": 1.0849394504187935,
    "reg_lambda": 0.36393259040059617
  },
  "classification_report": {
    "Accuracy": {
      "precision": 0.9473684210526315,
      "recall": 1.0,
      "f1-score": 0.972972972972973,
      "support": 18.0
    },
    "Extreme": {
      "precision": 0.75,
      "recall": 0.5625,
      "f1-score": 0.6428571428571429,
      "support": 16.0
    },
    "Speed": {
      "precision": 0.9047619047619048,
      "recall": 0.9047619047619048,
      "f1-score": 0.9047619047619048,
      "support": 21.0
    },
    "Standard": {
      "precision": 0.8571428571428571,
      "recall": 0.8,
      "f1-score": 0.8275862068965517,
      "support": 15.0
    },
    "Tech": {
      "precision": 0.7575757575757576,
      "recall": 0.8620689655172413,
      "f1-score": 0.8064516129032258,
      "support": 29.0
    },
    "accuracy": 0.8383838383838383,
    "macro avg": {
      "precision": 0.8433697881066301,
      "recall": 0.8258661740558292,
      "f1-score": 0.8309259680783596,
      "support": 99.0
    },
    "weighted avg": {
      "precision": 0.8371663778362344,
      "recall": 0.8383838383838383,
      "f1-score": 0.8343446229986832,
      "support": 99.0
    }
  },
  "n_trials": 150
}