{
  "accuracy": 0.8585858585858586,
  "precision": 0.8591174906964381,
  "recall": 0.8585858585858586,
  "f1": 0.8549359137594431,
  "classification_report": {
    "Accuracy": {
      "precision": 1.0,
      "recall": 1.0,
      "f1-score": 1.0,
      "support": 18.0
    },
    "Extreme": {
      "precision": 0.75,
      "recall": 0.5625,
      "f1-score": 0.6428571428571429,
      "support": 16.0
    },
    "Speed": {
      "precision": 0.9523809523809523,
      "recall": 0.9523809523809523,
      "f1-score": 0.9523809523809523,
      "support": 21.0
    },
    "Standard": {
      "precision": 0.7368421052631579,
      "recall": 0.9333333333333333,
      "f1-score": 0.8235294117647058,
      "support": 15.0
    },
    "Tech": {
      "precision": 0.8275862068965517,
      "recall": 0.8275862068965517,
      "f1-score": 0.8275862068965517,
      "support": 29.0
    },
    "accuracy": 0.8585858585858586,
    "macro avg": {
      "precision": 0.8533618529081325,
      "recall": 0.8551600985221676,
      "f1-score": 0.8492707427798705,
      "support": 99.0
    },
    "weighted avg": {
      "precision": 0.8591174906964381,
      "recall": 0.8585858585858586,
      "f1-score": 0.8549359137594431,
      "support": 99.0
    }
  },
  "confusion_matrix": [
    [
      18,
      0,
      0,
      0,
      0
    ],
    [
      0,
      9,
      1,
      1,
      5
    ],
    [
      0,
      0,
      20,
      1,
      0
    ],
    [
      0,
      1,
      0,
      14,
      0
    ],
    [
      0,
      2,
      0,
      3,
      24
    ]
  ]
}