{
  "accuracy": 0.8080808080808081,
  "precision": 0.8022232669291494,
  "recall": 0.8080808080808081,
  "f1": 0.8031937646275215,
  "classification_report": {
    "Accuracy": {
      "precision": 0.9,
      "recall": 1.0,
      "f1-score": 0.9473684210526315,
      "support": 18.0
    },
    "Extreme": {
      "precision": 0.6153846153846154,
      "recall": 0.5,
      "f1-score": 0.5517241379310345,
      "support": 16.0
    },
    "Speed": {
      "precision": 0.9523809523809523,
      "recall": 0.9523809523809523,
      "f1-score": 0.9523809523809523,
      "support": 21.0
    },
    "Standard": {
      "precision": 0.7058823529411765,
      "recall": 0.8,
      "f1-score": 0.75,
      "support": 15.0
    },
    "Tech": {
      "precision": 0.7857142857142857,
      "recall": 0.7586206896551724,
      "f1-score": 0.7719298245614035,
      "support": 29.0
    },
    "accuracy": 0.8080808080808081,
    "macro avg": {
      "precision": 0.791872441284206,
      "recall": 0.802200328407225,
      "f1-score": 0.7946806671852042,
      "support": 99.0
    },
    "weighted avg": {
      "precision": 0.8022232669291494,
      "recall": 0.8080808080808081,
      "f1-score": 0.8031937646275215,
      "support": 99.0
    }
  },
  "confusion_matrix": [
    [
      18,
      0,
      0,
      0,
      0
    ],
    [
      0,
      8,
      1,
      2,
      5
    ],
    [
      0,
      0,
      20,
      1,
      0
    ],
    [
      1,
      1,
      0,
      12,
      1
    ],
    [
      1,
      4,
      0,
      2,
      22
    ]
  ]
}