{
  "accuracy": 0.8282828282828283,
  "precision": 0.8254474570264043,
  "recall": 0.8282828282828283,
  "f1": 0.8231898820134113,
  "classification_report": {
    "Accuracy": {
      "precision": 1.0,
      "recall": 1.0,
      "f1-score": 1.0,
      "support": 18.0
    },
    "Extreme": {
      "precision": 0.6666666666666666,
      "recall": 0.5,
      "f1-score": 0.5714285714285714,
      "support": 16.0
    },
    "Speed": {
      "precision": 0.9523809523809523,
      "recall": 0.9523809523809523,
      "f1-score": 0.9523809523809523,
      "support": 21.0
    },
    "Standard": {
      "precision": 0.7368421052631579,
      "recall": 0.9333333333333333,
      "f1-score": 0.8235294117647058,
      "support": 15.0
    },
    "Tech": {
      "precision": 0.7586206896551724,
      "recall": 0.7586206896551724,
      "f1-score": 0.7586206896551724,
      "support": 29.0
    },
    "accuracy": 0.8282828282828283,
    "macro avg": {
      "precision": 0.8229020827931898,
      "recall": 0.8288669950738917,
      "f1-score": 0.8211919250458803,
      "support": 99.0
    },
    "weighted avg": {
      "precision": 0.8254474570264043,
      "recall": 0.8282828282828283,
      "f1-score": 0.8231898820134113,
      "support": 99.0
    }
  },
  "confusion_matrix": [
    [
      18,
      0,
      0,
      0,
      0
    ],
    [
      0,
      8,
      1,
      1,
      6
    ],
    [
      0,
      0,
      20,
      1,
      0
    ],
    [
      0,
      0,
      0,
      14,
      1
    ],
    [
      0,
      4,
      0,
      3,
      22
    ]
  ]
}