{
  "accuracy": 0.7263157894736842,
  "precision": 0.7200501253132832,
  "recall": 0.7263157894736842,
  "f1": 0.7166117675266737,
  "classification_report": {
    "Accuracy": {
      "precision": 0.8571428571428571,
      "recall": 1.0,
      "f1-score": 0.9230769230769231,
      "support": 18.0
    },
    "Extreme": {
      "precision": 0.5,
      "recall": 0.5384615384615384,
      "f1-score": 0.5185185185185185,
      "support": 13.0
    },
    "Speed": {
      "precision": 0.8571428571428571,
      "recall": 0.9,
      "f1-score": 0.8780487804878049,
      "support": 20.0
    },
    "Standard": {
      "precision": 0.6666666666666666,
      "recall": 0.4,
      "f1-score": 0.5,
      "support": 15.0
    },
    "Tech": {
      "precision": 0.6666666666666666,
      "recall": 0.6896551724137931,
      "f1-score": 0.6779661016949152,
      "support": 29.0
    },
    "accuracy": 0.7263157894736842,
    "macro avg": {
      "precision": 0.7095238095238094,
      "recall": 0.7056233421750663,
      "f1-score": 0.6995220647556323,
      "support": 95.0
    },
    "weighted avg": {
      "precision": 0.7200501253132832,
      "recall": 0.7263157894736842,
      "f1-score": 0.7166117675266737,
      "support": 95.0
    }
  },
  "confusion_matrix": [
    [
      18,
      0,
      0,
      0,
      0
    ],
    [
      0,
      7,
      1,
      0,
      5
    ],
    [
      0,
      2,
      18,
      0,
      0
    ],
    [
      2,
      0,
      2,
      6,
      5
    ],
    [
      1,
      5,
      0,
      3,
      20
    ]
  ]
}