{
  "accuracy": 0.8484848484848485,
  "precision": 0.8569949130555192,
  "recall": 0.8484848484848485,
  "f1": 0.8458977212551644,
  "classification_report": {
    "Accuracy": {
      "precision": 1.0,
      "recall": 1.0,
      "f1-score": 1.0,
      "support": 18.0
    },
    "Extreme": {
      "precision": 0.8181818181818182,
      "recall": 0.5625,
      "f1-score": 0.6666666666666666,
      "support": 16.0
    },
    "Speed": {
      "precision": 0.95,
      "recall": 0.9047619047619048,
      "f1-score": 0.926829268292683,
      "support": 21.0
    },
    "Standard": {
      "precision": 0.8571428571428571,
      "recall": 0.8,
      "f1-score": 0.8275862068965517,
      "support": 15.0
    },
    "Tech": {
      "precision": 0.7222222222222222,
      "recall": 0.896551724137931,
      "f1-score": 0.8,
      "support": 29.0
    },
    "accuracy": 0.8484848484848485,
    "macro avg": {
      "precision": 0.8695093795093796,
      "recall": 0.8327627257799672,
      "f1-score": 0.8442164283711803,
      "support": 99.0
    },
    "weighted avg": {
      "precision": 0.8569949130555192,
      "recall": 0.8484848484848485,
      "f1-score": 0.8458977212551644,
      "support": 99.0
    }
  },
  "confusion_matrix": [
    [
      18,
      0,
      0,
      0,
      0
    ],
    [
      0,
      9,
      1,
      0,
      6
    ],
    [
      0,
      0,
      19,
      1,
      1
    ],
    [
      0,
      0,
      0,
      12,
      3
    ],
    [
      0,
      2,
      0,
      1,
      26
    ]
  ]
}