{
  "accuracy": 0.8585858585858586,
  "precision": 0.8604011607301081,
  "recall": 0.8585858585858586,
  "f1": 0.8561276418262657,
  "classification_report": {
    "Accuracy": {
      "precision": 0.9473684210526315,
      "recall": 1.0,
      "f1-score": 0.972972972972973,
      "support": 18.0
    },
    "Extreme": {
      "precision": 0.8333333333333334,
      "recall": 0.625,
      "f1-score": 0.7142857142857143,
      "support": 16.0
    },
    "Speed": {
      "precision": 0.95,
      "recall": 0.9047619047619048,
      "f1-score": 0.926829268292683,
      "support": 21.0
    },
    "Standard": {
      "precision": 0.8125,
      "recall": 0.8666666666666667,
      "f1-score": 0.8387096774193549,
      "support": 15.0
    },
    "Tech": {
      "precision": 0.78125,
      "recall": 0.8620689655172413,
      "f1-score": 0.819672131147541,
      "support": 29.0
    },
    "accuracy": 0.8585858585858586,
    "macro avg": {
      "precision": 0.864890350877193,
      "recall": 0.8516995073891624,
      "f1-score": 0.8544939528236533,
      "support": 99.0
    },
    "weighted avg": {
      "precision": 0.8604011607301081,
      "recall": 0.8585858585858586,
      "f1-score": 0.8561276418262657,
      "support": 99.0
    }
  },
  "confusion_matrix": [
    [
      18,
      0,
      0,
      0,
      0
    ],
    [
      0,
      10,
      1,
      0,
      5
    ],
    [
      0,
      0,
      19,
      1,
      1
    ],
    [
      1,
      0,
      0,
      13,
      1
    ],
    [
      0,
      2,
      0,
      2,
      25
    ]
  ]
}