{
  "model": "gradient_boosting",
  "cv_f1_scores": [
    0.8656432748538012,
    0.8114432007620862,
    0.8384268617648117,
    0.8411070780399275,
    0.8495626716335936
  ],
  "mean_f1": 0.841236617410844,
  "std_f1": 0.017666733083983185
}