{
  "accuracy": 0.8,
  "precision": 0.8083488206553222,
  "recall": 0.8,
  "f1": 0.7904236731808313,
  "classification_report": {
    "Accuracy": {
      "precision": 0.8181818181818182,
      "recall": 1.0,
      "f1-score": 0.9,
      "support": 18.0
    },
    "Extreme": {
      "precision": 0.6470588235294118,
      "recall": 0.8461538461538461,
      "f1-score": 0.7333333333333333,
      "support": 13.0
    },
    "Speed": {
      "precision": 0.9523809523809523,
      "recall": 1.0,
      "f1-score": 0.975609756097561,
      "support": 20.0
    },
    "Standard": {
      "precision": 0.875,
      "recall": 0.4666666666666667,
      "f1-score": 0.6086956521739131,
      "support": 15.0
    },
    "Tech": {
      "precision": 0.7407407407407407,
      "recall": 0.6896551724137931,
      "f1-score": 0.7142857142857143,
      "support": 29.0
    },
    "accuracy": 0.8,
    "macro avg": {
      "precision": 0.8066724669665846,
      "recall": 0.8004951370468613,
      "f1-score": 0.7863848911781044,
      "support": 95.0
    },
    "weighted avg": {
      "precision": 0.8083488206553222,
      "recall": 0.8,
      "f1-score": 0.7904236731808313,
      "support": 95.0
    }
  },
  "confusion_matrix": [
    [
      18,
      0,
      0,
      0,
      0
    ],
    [
      0,
      11,
      1,
      0,
      1
    ],
    [
      0,
      0,
      20,
      0,
      0
    ],
    [
      2,
      0,
      0,
      7,
      6
    ],
    [
      2,
      6,
      0,
      1,
      20
    ]
  ]
}