{
  "accuracy": 0.8383838383838383,
  "precision": 0.8436507936507937,
  "recall": 0.8383838383838383,
  "f1": 0.8365572931647365,
  "classification_report": {
    "Accuracy": {
      "precision": 1.0,
      "recall": 1.0,
      "f1-score": 1.0,
      "support": 18.0
    },
    "Extreme": {
      "precision": 0.75,
      "recall": 0.5625,
      "f1-score": 0.6428571428571429,
      "support": 16.0
    },
    "Speed": {
      "precision": 0.95,
      "recall": 0.9047619047619048,
      "f1-score": 0.926829268292683,
      "support": 21.0
    },
    "Standard": {
      "precision": 0.8571428571428571,
      "recall": 0.8,
      "f1-score": 0.8275862068965517,
      "support": 15.0
    },
    "Tech": {
      "precision": 0.7142857142857143,
      "recall": 0.8620689655172413,
      "f1-score": 0.78125,
      "support": 29.0
    },
    "accuracy": 0.8383838383838383,
    "macro avg": {
      "precision": 0.8542857142857143,
      "recall": 0.8258661740558292,
      "f1-score": 0.8357045236092755,
      "support": 99.0
    },
    "weighted avg": {
      "precision": 0.8436507936507937,
      "recall": 0.8383838383838383,
      "f1-score": 0.8365572931647365,
      "support": 99.0
    }
  },
  "confusion_matrix": [
    [
      18,
      0,
      0,
      0,
      0
    ],
    [
      0,
      9,
      1,
      0,
      6
    ],
    [
      0,
      0,
      19,
      1,
      1
    ],
    [
      0,
      0,
      0,
      12,
      3
    ],
    [
      0,
      3,
      0,
      1,
      25
    ]
  ]
}