{
  "accuracy": 0.7777777777777778,
  "precision": 0.7868321371610846,
  "recall": 0.7777777777777778,
  "f1": 0.7689540605458111,
  "classification_report": {
    "Accuracy": {
      "precision": 0.9473684210526315,
      "recall": 1.0,
      "f1-score": 0.972972972972973,
      "support": 18.0
    },
    "Extreme": {
      "precision": 0.875,
      "recall": 0.4375,
      "f1-score": 0.5833333333333334,
      "support": 16.0
    },
    "Speed": {
      "precision": 0.7916666666666666,
      "recall": 0.9047619047619048,
      "f1-score": 0.8444444444444444,
      "support": 21.0
    },
    "Standard": {
      "precision": 0.625,
      "recall": 0.6666666666666666,
      "f1-score": 0.6451612903225806,
      "support": 15.0
    },
    "Tech": {
      "precision": 0.71875,
      "recall": 0.7931034482758621,
      "f1-score": 0.7540983606557377,
      "support": 29.0
    },
    "accuracy": 0.7777777777777778,
    "macro avg": {
      "precision": 0.7915570175438595,
      "recall": 0.7604064039408867,
      "f1-score": 0.7600020803458138,
      "support": 99.0
    },
    "weighted avg": {
      "precision": 0.7868321371610846,
      "recall": 0.7777777777777778,
      "f1-score": 0.7689540605458111,
      "support": 99.0
    }
  },
  "confusion_matrix": [
    [
      18,
      0,
      0,
      0,
      0
    ],
    [
      0,
      7,
      3,
      0,
      6
    ],
    [
      0,
      0,
      19,
      1,
      1
    ],
    [
      1,
      0,
      2,
      10,
      2
    ],
    [
      0,
      1,
      0,
      5,
      23
    ]
  ]
}