{
  "accuracy": 0.7578947368421053,
  "precision": 0.7780843971690654,
  "recall": 0.7578947368421053,
  "f1": 0.7554254154714422,
  "classification_report": {
    "Accuracy": {
      "precision": 0.8571428571428571,
      "recall": 1.0,
      "f1-score": 0.9230769230769231,
      "support": 18.0
    },
    "Extreme": {
      "precision": 0.5555555555555556,
      "recall": 0.7692307692307693,
      "f1-score": 0.6451612903225806,
      "support": 13.0
    },
    "Speed": {
      "precision": 0.7391304347826086,
      "recall": 0.85,
      "f1-score": 0.7906976744186046,
      "support": 20.0
    },
    "Standard": {
      "precision": 0.6923076923076923,
      "recall": 0.6,
      "f1-score": 0.6428571428571429,
      "support": 15.0
    },
    "Tech": {
      "precision": 0.9,
      "recall": 0.6206896551724138,
      "f1-score": 0.7346938775510204,
      "support": 29.0
    },
    "accuracy": 0.7578947368421053,
    "macro avg": {
      "precision": 0.7488273079577428,
      "recall": 0.7679840848806366,
      "f1-score": 0.7472973816452544,
      "support": 95.0
    },
    "weighted avg": {
      "precision": 0.7780843971690654,
      "recall": 0.7578947368421053,
      "f1-score": 0.7554254154714422,
      "support": 95.0
    }
  },
  "confusion_matrix": [
    [
      18,
      0,
      0,
      0,
      0
    ],
    [
      0,
      10,
      1,
      1,
      1
    ],
    [
      0,
      1,
      17,
      1,
      1
    ],
    [
      2,
      0,
      4,
      9,
      0
    ],
    [
      1,
      7,
      1,
      2,
      18
    ]
  ]
}