{
  "accuracy": 0.7474747474747475,
  "precision": 0.7476415837277152,
  "recall": 0.7474747474747475,
  "f1": 0.7359999516698081,
  "classification_report": {
    "Accuracy": {
      "precision": 0.9,
      "recall": 1.0,
      "f1-score": 0.9473684210526315,
      "support": 18.0
    },
    "Extreme": {
      "precision": 0.75,
      "recall": 0.375,
      "f1-score": 0.5,
      "support": 16.0
    },
    "Speed": {
      "precision": 0.8260869565217391,
      "recall": 0.9047619047619048,
      "f1-score": 0.8636363636363636,
      "support": 21.0
    },
    "Standard": {
      "precision": 0.5882352941176471,
      "recall": 0.6666666666666666,
      "f1-score": 0.625,
      "support": 15.0
    },
    "Tech": {
      "precision": 0.6774193548387096,
      "recall": 0.7241379310344828,
      "f1-score": 0.7,
      "support": 29.0
    },
    "accuracy": 0.7474747474747475,
    "macro avg": {
      "precision": 0.7483483210956192,
      "recall": 0.7341133004926108,
      "f1-score": 0.7272009569377991,
      "support": 99.0
    },
    "weighted avg": {
      "precision": 0.7476415837277152,
      "recall": 0.7474747474747475,
      "f1-score": 0.7359999516698081,
      "support": 99.0
    }
  },
  "confusion_matrix": [
    [
      18,
      0,
      0,
      0,
      0
    ],
    [
      0,
      6,
      2,
      0,
      8
    ],
    [
      0,
      0,
      19,
      1,
      1
    ],
    [
      2,
      0,
      2,
      10,
      1
    ],
    [
      0,
      2,
      0,
      6,
      21
    ]
  ]
}