{
  "accuracy": 0.7575757575757576,
  "precision": 0.7534751977207219,
  "recall": 0.7575757575757576,
  "f1": 0.7406072740307537,
  "classification_report": {
    "Accuracy": {
      "precision": 0.9,
      "recall": 1.0,
      "f1-score": 0.9473684210526315,
      "support": 18.0
    },
    "Extreme": {
      "precision": 0.7142857142857143,
      "recall": 0.3125,
      "f1-score": 0.43478260869565216,
      "support": 16.0
    },
    "Speed": {
      "precision": 0.8260869565217391,
      "recall": 0.9047619047619048,
      "f1-score": 0.8636363636363636,
      "support": 21.0
    },
    "Standard": {
      "precision": 0.6666666666666666,
      "recall": 0.6666666666666666,
      "f1-score": 0.6666666666666666,
      "support": 15.0
    },
    "Tech": {
      "precision": 0.6764705882352942,
      "recall": 0.7931034482758621,
      "f1-score": 0.7301587301587301,
      "support": 29.0
    },
    "accuracy": 0.7575757575757576,
    "macro avg": {
      "precision": 0.7567019851418829,
      "recall": 0.7354064039408866,
      "f1-score": 0.7285225580420088,
      "support": 99.0
    },
    "weighted avg": {
      "precision": 0.7534751977207219,
      "recall": 0.7575757575757576,
      "f1-score": 0.7406072740307537,
      "support": 99.0
    }
  },
  "confusion_matrix": [
    [
      18,
      0,
      0,
      0,
      0
    ],
    [
      0,
      5,
      2,
      0,
      9
    ],
    [
      0,
      0,
      19,
      1,
      1
    ],
    [
      2,
      0,
      2,
      10,
      1
    ],
    [
      0,
      2,
      0,
      4,
      23
    ]
  ]
}