{
  "accuracy": 0.8383838383838383,
  "precision": 0.836262209776641,
  "recall": 0.8383838383838383,
  "f1": 0.8363027604406915,
  "classification_report": {
    "Accuracy": {
      "precision": 0.9473684210526315,
      "recall": 1.0,
      "f1-score": 0.972972972972973,
      "support": 18.0
    },
    "Extreme": {
      "precision": 0.7142857142857143,
      "recall": 0.625,
      "f1-score": 0.6666666666666666,
      "support": 16.0
    },
    "Speed": {
      "precision": 0.9047619047619048,
      "recall": 0.9047619047619048,
      "f1-score": 0.9047619047619048,
      "support": 21.0
    },
    "Standard": {
      "precision": 0.8571428571428571,
      "recall": 0.8,
      "f1-score": 0.8275862068965517,
      "support": 15.0
    },
    "Tech": {
      "precision": 0.7741935483870968,
      "recall": 0.8275862068965517,
      "f1-score": 0.8,
      "support": 29.0
    },
    "accuracy": 0.8383838383838383,
    "macro avg": {
      "precision": 0.8395504891260408,
      "recall": 0.8314696223316913,
      "f1-score": 0.8343975502596193,
      "support": 99.0
    },
    "weighted avg": {
      "precision": 0.836262209776641,
      "recall": 0.8383838383838383,
      "f1-score": 0.8363027604406915,
      "support": 99.0
    }
  },
  "confusion_matrix": [
    [
      18,
      0,
      0,
      0,
      0
    ],
    [
      0,
      10,
      1,
      0,
      5
    ],
    [
      0,
      0,
      19,
      1,
      1
    ],
    [
      1,
      0,
      1,
      12,
      1
    ],
    [
      0,
      4,
      0,
      1,
      24
    ]
  ]
}