{
  "accuracy": 0.8484848484848485,
  "precision": 0.8472092600382073,
  "recall": 0.8484848484848485,
  "f1": 0.8457806179682946,
  "classification_report": {
    "Accuracy": {
      "precision": 0.9473684210526315,
      "recall": 1.0,
      "f1-score": 0.972972972972973,
      "support": 18.0
    },
    "Extreme": {
      "precision": 0.7692307692307693,
      "recall": 0.625,
      "f1-score": 0.6896551724137931,
      "support": 16.0
    },
    "Speed": {
      "precision": 0.9047619047619048,
      "recall": 0.9047619047619048,
      "f1-score": 0.9047619047619048,
      "support": 21.0
    },
    "Standard": {
      "precision": 0.8571428571428571,
      "recall": 0.8,
      "f1-score": 0.8275862068965517,
      "support": 15.0
    },
    "Tech": {
      "precision": 0.78125,
      "recall": 0.8620689655172413,
      "f1-score": 0.819672131147541,
      "support": 29.0
    },
    "accuracy": 0.8484848484848485,
    "macro avg": {
      "precision": 0.8519507904376326,
      "recall": 0.8383661740558292,
      "f1-score": 0.8429296776385528,
      "support": 99.0
    },
    "weighted avg": {
      "precision": 0.8472092600382073,
      "recall": 0.8484848484848485,
      "f1-score": 0.8457806179682946,
      "support": 99.0
    }
  },
  "confusion_matrix": [
    [
      18,
      0,
      0,
      0,
      0
    ],
    [
      0,
      10,
      1,
      0,
      5
    ],
    [
      0,
      0,
      19,
      1,
      1
    ],
    [
      1,
      0,
      1,
      12,
      1
    ],
    [
      0,
      3,
      0,
      1,
      25
    ]
  ]
}