{
  "accuracy": 0.8105263157894737,
  "precision": 0.824831380163188,
  "recall": 0.8105263157894737,
  "f1": 0.8080350922557645,
  "classification_report": {
    "Accuracy": {
      "precision": 0.9,
      "recall": 1.0,
      "f1-score": 0.9473684210526315,
      "support": 18.0
    },
    "Extreme": {
      "precision": 0.5555555555555556,
      "recall": 0.7692307692307693,
      "f1-score": 0.6451612903225806,
      "support": 13.0
    },
    "Speed": {
      "precision": 0.8695652173913043,
      "recall": 1.0,
      "f1-score": 0.9302325581395349,
      "support": 20.0
    },
    "Standard": {
      "precision": 0.8333333333333334,
      "recall": 0.6666666666666666,
      "f1-score": 0.7407407407407407,
      "support": 15.0
    },
    "Tech": {
      "precision": 0.8636363636363636,
      "recall": 0.6551724137931034,
      "f1-score": 0.7450980392156863,
      "support": 29.0
    },
    "accuracy": 0.8105263157894737,
    "macro avg": {
      "precision": 0.8044180939833113,
      "recall": 0.8182139699381079,
      "f1-score": 0.8017202098942349,
      "support": 95.0
    },
    "weighted avg": {
      "precision": 0.824831380163188,
      "recall": 0.8105263157894737,
      "f1-score": 0.8080350922557645,
      "support": 95.0
    }
  },
  "confusion_matrix": [
    [
      18,
      0,
      0,
      0,
      0
    ],
    [
      0,
      10,
      2,
      0,
      1
    ],
    [
      0,
      0,
      20,
      0,
      0
    ],
    [
      2,
      0,
      1,
      10,
      2
    ],
    [
      0,
      8,
      0,
      2,
      19
    ]
  ]
}