{
  "accuracy": 0.8585858585858586,
  "precision": 0.8582216394716394,
  "recall": 0.8585858585858586,
  "f1": 0.8566159046656502,
  "classification_report": {
    "Accuracy": {
      "precision": 1.0,
      "recall": 1.0,
      "f1-score": 1.0,
      "support": 18.0
    },
    "Extreme": {
      "precision": 0.7692307692307693,
      "recall": 0.625,
      "f1-score": 0.6896551724137931,
      "support": 16.0
    },
    "Speed": {
      "precision": 0.9047619047619048,
      "recall": 0.9047619047619048,
      "f1-score": 0.9047619047619048,
      "support": 21.0
    },
    "Standard": {
      "precision": 0.8666666666666667,
      "recall": 0.8666666666666667,
      "f1-score": 0.8666666666666667,
      "support": 15.0
    },
    "Tech": {
      "precision": 0.78125,
      "recall": 0.8620689655172413,
      "f1-score": 0.819672131147541,
      "support": 29.0
    },
    "accuracy": 0.8585858585858586,
    "macro avg": {
      "precision": 0.8643818681318681,
      "recall": 0.8516995073891624,
      "f1-score": 0.8561511749979811,
      "support": 99.0
    },
    "weighted avg": {
      "precision": 0.8582216394716394,
      "recall": 0.8585858585858586,
      "f1-score": 0.8566159046656502,
      "support": 99.0
    }
  },
  "confusion_matrix": [
    [
      18,
      0,
      0,
      0,
      0
    ],
    [
      0,
      10,
      1,
      0,
      5
    ],
    [
      0,
      0,
      19,
      1,
      1
    ],
    [
      0,
      0,
      1,
      13,
      1
    ],
    [
      0,
      3,
      0,
      1,
      25
    ]
  ]
}