{
  "accuracy": 0.8585858585858586,
  "precision": 0.8637566137566137,
  "recall": 0.8585858585858586,
  "f1": 0.8563083754158186,
  "classification_report": {
    "Accuracy": {
      "precision": 0.9444444444444444,
      "recall": 0.9444444444444444,
      "f1-score": 0.9444444444444444,
      "support": 18.0
    },
    "Extreme": {
      "precision": 0.8333333333333334,
      "recall": 0.625,
      "f1-score": 0.7142857142857143,
      "support": 16.0
    },
    "Speed": {
      "precision": 0.95,
      "recall": 0.9047619047619048,
      "f1-score": 0.926829268292683,
      "support": 21.0
    },
    "Standard": {
      "precision": 0.8571428571428571,
      "recall": 0.8,
      "f1-score": 0.8275862068965517,
      "support": 15.0
    },
    "Tech": {
      "precision": 0.7714285714285715,
      "recall": 0.9310344827586207,
      "f1-score": 0.84375,
      "support": 29.0
    },
    "accuracy": 0.8585858585858586,
    "macro avg": {
      "precision": 0.8712698412698414,
      "recall": 0.8410481663929941,
      "f1-score": 0.8513791267838787,
      "support": 99.0
    },
    "weighted avg": {
      "precision": 0.8637566137566137,
      "recall": 0.8585858585858586,
      "f1-score": 0.8563083754158186,
      "support": 99.0
    }
  },
  "confusion_matrix": [
    [
      17,
      0,
      0,
      1,
      0
    ],
    [
      0,
      10,
      0,
      0,
      6
    ],
    [
      0,
      0,
      19,
      1,
      1
    ],
    [
      1,
      0,
      1,
      12,
      1
    ],
    [
      0,
      2,
      0,
      0,
      27
    ]
  ]
}