{
  "accuracy": 0.8585858585858586,
  "precision": 0.869023569023569,
  "recall": 0.8585858585858586,
  "f1": 0.8578330325819566,
  "classification_report": {
    "Accuracy": {
      "precision": 1.0,
      "recall": 0.8888888888888888,
      "f1-score": 0.9411764705882353,
      "support": 18.0
    },
    "Extreme": {
      "precision": 0.8333333333333334,
      "recall": 0.625,
      "f1-score": 0.7142857142857143,
      "support": 16.0
    },
    "Speed": {
      "precision": 0.95,
      "recall": 0.9047619047619048,
      "f1-score": 0.926829268292683,
      "support": 21.0
    },
    "Standard": {
      "precision": 0.8666666666666667,
      "recall": 0.8666666666666667,
      "f1-score": 0.8666666666666667,
      "support": 15.0
    },
    "Tech": {
      "precision": 0.75,
      "recall": 0.9310344827586207,
      "f1-score": 0.8307692307692308,
      "support": 29.0
    },
    "accuracy": 0.8585858585858586,
    "macro avg": {
      "precision": 0.8800000000000001,
      "recall": 0.8432703886152162,
      "f1-score": 0.8559454701205059,
      "support": 99.0
    },
    "weighted avg": {
      "precision": 0.869023569023569,
      "recall": 0.8585858585858586,
      "f1-score": 0.8578330325819566,
      "support": 99.0
    }
  },
  "confusion_matrix": [
    [
      16,
      0,
      0,
      1,
      1
    ],
    [
      0,
      10,
      0,
      0,
      6
    ],
    [
      0,
      0,
      19,
      1,
      1
    ],
    [
      0,
      0,
      1,
      13,
      1
    ],
    [
      0,
      2,
      0,
      0,
      27
    ]
  ]
}