{
  "accuracy": 0.8383838383838383,
  "precision": 0.8422111084649784,
  "recall": 0.8383838383838383,
  "f1": 0.8370807140922083,
  "classification_report": {
    "Accuracy": {
      "precision": 0.8888888888888888,
      "recall": 0.8888888888888888,
      "f1-score": 0.8888888888888888,
      "support": 18.0
    },
    "Extreme": {
      "precision": 0.7692307692307693,
      "recall": 0.625,
      "f1-score": 0.6896551724137931,
      "support": 16.0
    },
    "Speed": {
      "precision": 0.9473684210526315,
      "recall": 0.8571428571428571,
      "f1-score": 0.9,
      "support": 21.0
    },
    "Standard": {
      "precision": 0.8666666666666667,
      "recall": 0.8666666666666667,
      "f1-score": 0.8666666666666667,
      "support": 15.0
    },
    "Tech": {
      "precision": 0.7647058823529411,
      "recall": 0.896551724137931,
      "f1-score": 0.8253968253968254,
      "support": 29.0
    },
    "accuracy": 0.8383838383838383,
    "macro avg": {
      "precision": 0.8473721256383794,
      "recall": 0.8268500273672688,
      "f1-score": 0.8341215106732347,
      "support": 99.0
    },
    "weighted avg": {
      "precision": 0.8422111084649784,
      "recall": 0.8383838383838383,
      "f1-score": 0.8370807140922083,
      "support": 99.0
    }
  },
  "confusion_matrix": [
    [
      16,
      0,
      0,
      1,
      1
    ],
    [
      0,
      10,
      0,
      0,
      6
    ],
    [
      0,
      1,
      18,
      1,
      1
    ],
    [
      1,
      0,
      1,
      13,
      0
    ],
    [
      1,
      2,
      0,
      0,
      26
    ]
  ]
}