{
  "accuracy": 0.8210526315789474,
  "precision": 0.8306220095693779,
  "recall": 0.8210526315789474,
  "f1": 0.8202903548518745,
  "classification_report": {
    "Accuracy": {
      "precision": 0.9444444444444444,
      "recall": 0.9444444444444444,
      "f1-score": 0.9444444444444444,
      "support": 18.0
    },
    "Extreme": {
      "precision": 0.6111111111111112,
      "recall": 0.8461538461538461,
      "f1-score": 0.7096774193548387,
      "support": 13.0
    },
    "Speed": {
      "precision": 0.9444444444444444,
      "recall": 0.85,
      "f1-score": 0.8947368421052632,
      "support": 20.0
    },
    "Standard": {
      "precision": 0.7272727272727273,
      "recall": 0.5333333333333333,
      "f1-score": 0.6153846153846154,
      "support": 15.0
    },
    "Tech": {
      "precision": 0.8333333333333334,
      "recall": 0.8620689655172413,
      "f1-score": 0.847457627118644,
      "support": 29.0
    },
    "accuracy": 0.8210526315789474,
    "macro avg": {
      "precision": 0.8121212121212121,
      "recall": 0.8072001178897731,
      "f1-score": 0.8023401896815612,
      "support": 95.0
    },
    "weighted avg": {
      "precision": 0.8306220095693779,
      "recall": 0.8210526315789474,
      "f1-score": 0.8202903548518745,
      "support": 95.0
    }
  },
  "confusion_matrix": [
    [
      17,
      0,
      0,
      1,
      0
    ],
    [
      0,
      11,
      0,
      0,
      2
    ],
    [
      0,
      2,
      17,
      1,
      0
    ],
    [
      1,
      2,
      1,
      8,
      3
    ],
    [
      0,
      3,
      0,
      1,
      25
    ]
  ]
}