{
  "model": "random_forest",
  "cv_f1_scores": [
    0.8220732840793045,
    0.814820657299924,
    0.8481575540065284,
    0.7831935996492959,
    0.8479230348195866
  ],
  "mean_f1": 0.8232336259709279,
  "std_f1": 0.024108493279430595
}