{
  "accuracy": 0.8383838383838383,
  "precision": 0.8362674362674362,
  "recall": 0.8383838383838383,
  "f1": 0.8365784181017482,
  "classification_report": {
    "Accuracy": {
      "precision": 0.9,
      "recall": 1.0,
      "f1-score": 0.9473684210526315,
      "support": 18.0
    },
    "Extreme": {
      "precision": 0.7333333333333333,
      "recall": 0.6875,
      "f1-score": 0.7096774193548387,
      "support": 16.0
    },
    "Speed": {
      "precision": 0.9047619047619048,
      "recall": 0.9047619047619048,
      "f1-score": 0.9047619047619048,
      "support": 21.0
    },
    "Standard": {
      "precision": 0.8571428571428571,
      "recall": 0.8,
      "f1-score": 0.8275862068965517,
      "support": 15.0
    },
    "Tech": {
      "precision": 0.7931034482758621,
      "recall": 0.7931034482758621,
      "f1-score": 0.7931034482758621,
      "support": 29.0
    },
    "accuracy": 0.8383838383838383,
    "macro avg": {
      "precision": 0.8376683087027914,
      "recall": 0.8370730706075534,
      "f1-score": 0.8364994800683577,
      "support": 99.0
    },
    "weighted avg": {
      "precision": 0.8362674362674362,
      "recall": 0.8383838383838383,
      "f1-score": 0.8365784181017482,
      "support": 99.0
    }
  },
  "confusion_matrix": [
    [
      18,
      0,
      0,
      0,
      0
    ],
    [
      0,
      11,
      1,
      0,
      4
    ],
    [
      0,
      0,
      19,
      1,
      1
    ],
    [
      1,
      0,
      1,
      12,
      1
    ],
    [
      1,
      4,
      0,
      1,
      23
    ]
  ]
}