{
  "model": "random_forest",
  "cv_f1_scores": [
    0.7976734646038445,
    0.7632012296351013,
    0.8612791334310322,
    0.797031863814928,
    0.8864705492612469
  ],
  "mean_f1": 0.8211312481492307,
  "std_f1": 0.045536824530503714
}