{
  "accuracy": 0.8686868686868687,
  "precision": 0.8702020202020203,
  "recall": 0.8686868686868687,
  "f1": 0.8692589391225193,
  "classification_report": {
    "Accuracy": {
      "precision": 1.0,
      "recall": 1.0,
      "f1-score": 1.0,
      "support": 18.0
    },
    "Extreme": {
      "precision": 0.75,
      "recall": 0.75,
      "f1-score": 0.75,
      "support": 16.0
    },
    "Speed": {
      "precision": 0.95,
      "recall": 0.9047619047619048,
      "f1-score": 0.926829268292683,
      "support": 21.0
    },
    "Standard": {
      "precision": 0.8666666666666667,
      "recall": 0.8666666666666667,
      "f1-score": 0.8666666666666667,
      "support": 15.0
    },
    "Tech": {
      "precision": 0.8,
      "recall": 0.8275862068965517,
      "f1-score": 0.8135593220338984,
      "support": 29.0
    },
    "accuracy": 0.8686868686868687,
    "macro avg": {
      "precision": 0.8733333333333334,
      "recall": 0.8698029556650246,
      "f1-score": 0.8714110513986496,
      "support": 99.0
    },
    "weighted avg": {
      "precision": 0.8702020202020203,
      "recall": 0.8686868686868687,
      "f1-score": 0.8692589391225193,
      "support": 99.0
    }
  },
  "confusion_matrix": [
    [
      18,
      0,
      0,
      0,
      0
    ],
    [
      0,
      12,
      0,
      0,
      4
    ],
    [
      0,
      0,
      19,
      1,
      1
    ],
    [
      0,
      0,
      1,
      13,
      1
    ],
    [
      0,
      4,
      0,
      1,
      24
    ]
  ]
}