{
  "accuracy": 0.8210526315789474,
  "precision": 0.8357811524859579,
  "recall": 0.8210526315789474,
  "f1": 0.8153946146189914,
  "classification_report": {
    "Accuracy": {
      "precision": 0.9,
      "recall": 1.0,
      "f1-score": 0.9473684210526315,
      "support": 18.0
    },
    "Extreme": {
      "precision": 0.6,
      "recall": 0.9230769230769231,
      "f1-score": 0.7272727272727273,
      "support": 13.0
    },
    "Speed": {
      "precision": 0.9090909090909091,
      "recall": 1.0,
      "f1-score": 0.9523809523809523,
      "support": 20.0
    },
    "Standard": {
      "precision": 0.8,
      "recall": 0.5333333333333333,
      "f1-score": 0.64,
      "support": 15.0
    },
    "Tech": {
      "precision": 0.8695652173913043,
      "recall": 0.6896551724137931,
      "f1-score": 0.7692307692307693,
      "support": 29.0
    },
    "accuracy": 0.8210526315789474,
    "macro avg": {
      "precision": 0.8157312252964427,
      "recall": 0.82921308576481,
      "f1-score": 0.8072505739874162,
      "support": 95.0
    },
    "weighted avg": {
      "precision": 0.8357811524859579,
      "recall": 0.8210526315789474,
      "f1-score": 0.8153946146189914,
      "support": 95.0
    }
  },
  "confusion_matrix": [
    [
      18,
      0,
      0,
      0,
      0
    ],
    [
      0,
      12,
      0,
      0,
      1
    ],
    [
      0,
      0,
      20,
      0,
      0
    ],
    [
      2,
      1,
      2,
      8,
      2
    ],
    [
      0,
      7,
      0,
      2,
      20
    ]
  ]
}