{
  "model": "random_forest",
  "cv_f1_scores": [
    0.852660486550209,
    0.8253083823941687,
    0.939407001044932,
    0.8347062139249639,
    0.8709616565136393
  ],
  "mean_f1": 0.8646087480855826,
  "std_f1": 0.04053783254612812
}