{
  "accuracy": 0.797979797979798,
  "precision": 0.8030694432655218,
  "recall": 0.797979797979798,
  "f1": 0.7955607050644897,
  "classification_report": {
    "Accuracy": {
      "precision": 0.9411764705882353,
      "recall": 0.8888888888888888,
      "f1-score": 0.9142857142857143,
      "support": 18.0
    },
    "Extreme": {
      "precision": 0.6666666666666666,
      "recall": 0.5,
      "f1-score": 0.5714285714285714,
      "support": 16.0
    },
    "Speed": {
      "precision": 0.9,
      "recall": 0.8571428571428571,
      "f1-score": 0.8780487804878049,
      "support": 21.0
    },
    "Standard": {
      "precision": 0.8571428571428571,
      "recall": 0.8,
      "f1-score": 0.8275862068965517,
      "support": 15.0
    },
    "Tech": {
      "precision": 0.6944444444444444,
      "recall": 0.8620689655172413,
      "f1-score": 0.7692307692307693,
      "support": 29.0
    },
    "accuracy": 0.797979797979798,
    "macro avg": {
      "precision": 0.8118860877684406,
      "recall": 0.7816201423097974,
      "f1-score": 0.7921160084658823,
      "support": 99.0
    },
    "weighted avg": {
      "precision": 0.8030694432655218,
      "recall": 0.797979797979798,
      "f1-score": 0.7955607050644897,
      "support": 99.0
    }
  },
  "confusion_matrix": [
    [
      16,
      0,
      0,
      1,
      1
    ],
    [
      0,
      8,
      1,
      0,
      7
    ],
    [
      0,
      1,
      18,
      0,
      2
    ],
    [
      1,
      0,
      1,
      12,
      1
    ],
    [
      0,
      3,
      0,
      1,
      25
    ]
  ]
}