{
  "accuracy": 0.7878787878787878,
  "precision": 0.7896639251128414,
  "recall": 0.7878787878787878,
  "f1": 0.7848585703424414,
  "classification_report": {
    "Accuracy": {
      "precision": 0.9444444444444444,
      "recall": 0.9444444444444444,
      "f1-score": 0.9444444444444444,
      "support": 18.0
    },
    "Extreme": {
      "precision": 0.6666666666666666,
      "recall": 0.5,
      "f1-score": 0.5714285714285714,
      "support": 16.0
    },
    "Speed": {
      "precision": 0.8947368421052632,
      "recall": 0.8095238095238095,
      "f1-score": 0.85,
      "support": 21.0
    },
    "Standard": {
      "precision": 0.75,
      "recall": 0.8,
      "f1-score": 0.7741935483870968,
      "support": 15.0
    },
    "Tech": {
      "precision": 0.7058823529411765,
      "recall": 0.8275862068965517,
      "f1-score": 0.7619047619047619,
      "support": 29.0
    },
    "accuracy": 0.7878787878787878,
    "macro avg": {
      "precision": 0.7923460612315102,
      "recall": 0.7763108921729611,
      "f1-score": 0.7803942652329748,
      "support": 99.0
    },
    "weighted avg": {
      "precision": 0.7896639251128414,
      "recall": 0.7878787878787878,
      "f1-score": 0.7848585703424414,
      "support": 99.0
    }
  },
  "confusion_matrix": [
    [
      17,
      0,
      0,
      1,
      0
    ],
    [
      0,
      8,
      1,
      0,
      7
    ],
    [
      0,
      1,
      17,
      1,
      2
    ],
    [
      1,
      0,
      1,
      12,
      1
    ],
    [
      0,
      3,
      0,
      2,
      24
    ]
  ]
}