{
  "accuracy": 0.7777777777777778,
  "precision": 0.7844787746748532,
  "recall": 0.7777777777777778,
  "f1": 0.7752663107501817,
  "classification_report": {
    "Accuracy": {
      "precision": 0.9411764705882353,
      "recall": 0.8888888888888888,
      "f1-score": 0.9142857142857143,
      "support": 18.0
    },
    "Extreme": {
      "precision": 0.6666666666666666,
      "recall": 0.5,
      "f1-score": 0.5714285714285714,
      "support": 16.0
    },
    "Speed": {
      "precision": 0.8888888888888888,
      "recall": 0.7619047619047619,
      "f1-score": 0.8205128205128205,
      "support": 21.0
    },
    "Standard": {
      "precision": 0.75,
      "recall": 0.8,
      "f1-score": 0.7741935483870968,
      "support": 15.0
    },
    "Tech": {
      "precision": 0.6944444444444444,
      "recall": 0.8620689655172413,
      "f1-score": 0.7692307692307693,
      "support": 29.0
    },
    "accuracy": 0.7777777777777778,
    "macro avg": {
      "precision": 0.7882352941176471,
      "recall": 0.7625725232621784,
      "f1-score": 0.7699302847689944,
      "support": 99.0
    },
    "weighted avg": {
      "precision": 0.7844787746748532,
      "recall": 0.7777777777777778,
      "f1-score": 0.7752663107501817,
      "support": 99.0
    }
  },
  "confusion_matrix": [
    [
      16,
      0,
      0,
      1,
      1
    ],
    [
      0,
      8,
      1,
      0,
      7
    ],
    [
      0,
      2,
      16,
      1,
      2
    ],
    [
      1,
      0,
      1,
      12,
      1
    ],
    [
      0,
      2,
      0,
      2,
      25
    ]
  ]
}