{
  "accuracy": 0.7473684210526316,
  "precision": 0.7761840006715354,
  "recall": 0.7473684210526316,
  "f1": 0.752040098300486,
  "classification_report": {
    "Accuracy": {
      "precision": 0.9473684210526315,
      "recall": 1.0,
      "f1-score": 0.972972972972973,
      "support": 18.0
    },
    "Extreme": {
      "precision": 0.45454545454545453,
      "recall": 0.7692307692307693,
      "f1-score": 0.5714285714285714,
      "support": 13.0
    },
    "Speed": {
      "precision": 0.8333333333333334,
      "recall": 0.75,
      "f1-score": 0.7894736842105263,
      "support": 20.0
    },
    "Standard": {
      "precision": 0.7272727272727273,
      "recall": 0.5333333333333333,
      "f1-score": 0.6153846153846154,
      "support": 15.0
    },
    "Tech": {
      "precision": 0.8,
      "recall": 0.6896551724137931,
      "f1-score": 0.7407407407407407,
      "support": 29.0
    },
    "accuracy": 0.7473684210526316,
    "macro avg": {
      "precision": 0.7525039872408292,
      "recall": 0.7484438549955791,
      "f1-score": 0.7380001169474854,
      "support": 95.0
    },
    "weighted avg": {
      "precision": 0.7761840006715354,
      "recall": 0.7473684210526316,
      "f1-score": 0.752040098300486,
      "support": 95.0
    }
  },
  "confusion_matrix": [
    [
      18,
      0,
      0,
      0,
      0
    ],
    [
      0,
      10,
      2,
      0,
      1
    ],
    [
      0,
      4,
      15,
      1,
      0
    ],
    [
      1,
      1,
      1,
      8,
      4
    ],
    [
      0,
      7,
      0,
      2,
      20
    ]
  ]
}