{
  "accuracy": 0.8383838383838383,
  "precision": 0.8371663778362344,
  "recall": 0.8383838383838383,
  "f1": 0.8343446229986832,
  "classification_report": {
    "Accuracy": {
      "precision": 0.9473684210526315,
      "recall": 1.0,
      "f1-score": 0.972972972972973,
      "support": 18.0
    },
    "Extreme": {
      "precision": 0.75,
      "recall": 0.5625,
      "f1-score": 0.6428571428571429,
      "support": 16.0
    },
    "Speed": {
      "precision": 0.9047619047619048,
      "recall": 0.9047619047619048,
      "f1-score": 0.9047619047619048,
      "support": 21.0
    },
    "Standard": {
      "precision": 0.8571428571428571,
      "recall": 0.8,
      "f1-score": 0.8275862068965517,
      "support": 15.0
    },
    "Tech": {
      "precision": 0.7575757575757576,
      "recall": 0.8620689655172413,
      "f1-score": 0.8064516129032258,
      "support": 29.0
    },
    "accuracy": 0.8383838383838383,
    "macro avg": {
      "precision": 0.8433697881066301,
      "recall": 0.8258661740558292,
      "f1-score": 0.8309259680783596,
      "support": 99.0
    },
    "weighted avg": {
      "precision": 0.8371663778362344,
      "recall": 0.8383838383838383,
      "f1-score": 0.8343446229986832,
      "support": 99.0
    }
  },
  "confusion_matrix": [
    [
      18,
      0,
      0,
      0,
      0
    ],
    [
      0,
      9,
      1,
      0,
      6
    ],
    [
      0,
      0,
      19,
      1,
      1
    ],
    [
      1,
      0,
      1,
      12,
      1
    ],
    [
      0,
      3,
      0,
      1,
      25
    ]
  ]
}