{
  "accuracy": 0.8686868686868687,
  "precision": 0.8705234159779615,
  "recall": 0.8686868686868687,
  "f1": 0.8661732532700276,
  "classification_report": {
    "Accuracy": {
      "precision": 1.0,
      "recall": 1.0,
      "f1-score": 1.0,
      "support": 18.0
    },
    "Extreme": {
      "precision": 0.8333333333333334,
      "recall": 0.625,
      "f1-score": 0.7142857142857143,
      "support": 16.0
    },
    "Speed": {
      "precision": 0.9047619047619048,
      "recall": 0.9047619047619048,
      "f1-score": 0.9047619047619048,
      "support": 21.0
    },
    "Standard": {
      "precision": 0.8666666666666667,
      "recall": 0.8666666666666667,
      "f1-score": 0.8666666666666667,
      "support": 15.0
    },
    "Tech": {
      "precision": 0.7878787878787878,
      "recall": 0.896551724137931,
      "f1-score": 0.8387096774193549,
      "support": 29.0
    },
    "accuracy": 0.8686868686868687,
    "macro avg": {
      "precision": 0.8785281385281385,
      "recall": 0.8585960591133006,
      "f1-score": 0.8648847926267281,
      "support": 99.0
    },
    "weighted avg": {
      "precision": 0.8705234159779615,
      "recall": 0.8686868686868687,
      "f1-score": 0.8661732532700276,
      "support": 99.0
    }
  },
  "confusion_matrix": [
    [
      18,
      0,
      0,
      0,
      0
    ],
    [
      0,
      10,
      1,
      0,
      5
    ],
    [
      0,
      0,
      19,
      1,
      1
    ],
    [
      0,
      0,
      1,
      13,
      1
    ],
    [
      0,
      2,
      0,
      1,
      26
    ]
  ]
}