{
  "model": "xgboost",
  "cv_f1_scores": [
    0.8197209436133488,
    0.825416187188339,
    0.8607859476475802,
    0.842801019587463,
    0.8858252759476343
  ],
  "mean_f1": 0.8469098747968731,
  "std_f1": 0.024186992874395796
}