{
  "model": "xgboost",
  "cv_f1_scores": [
    0.8377406221991156,
    0.8274555436209571,
    0.8257797270955166,
    0.8460000000000001,
    0.8917681419030744
  ],
  "mean_f1": 0.8457488069637327,
  "std_f1": 0.024146970592338755
}