{
  "accuracy": 0.8315789473684211,
  "precision": 0.8284047074207257,
  "recall": 0.8315789473684211,
  "f1": 0.8241096962452371,
  "classification_report": {
    "Accuracy": {
      "precision": 0.9,
      "recall": 1.0,
      "f1-score": 0.9473684210526315,
      "support": 18.0
    },
    "Extreme": {
      "precision": 0.7142857142857143,
      "recall": 0.7692307692307693,
      "f1-score": 0.7407407407407407,
      "support": 13.0
    },
    "Speed": {
      "precision": 0.8695652173913043,
      "recall": 1.0,
      "f1-score": 0.9302325581395349,
      "support": 20.0
    },
    "Standard": {
      "precision": 0.8,
      "recall": 0.5333333333333333,
      "f1-score": 0.64,
      "support": 15.0
    },
    "Tech": {
      "precision": 0.8214285714285714,
      "recall": 0.7931034482758621,
      "f1-score": 0.8070175438596491,
      "support": 29.0
    },
    "accuracy": 0.8315789473684211,
    "macro avg": {
      "precision": 0.8210559006211179,
      "recall": 0.8191335101679929,
      "f1-score": 0.8130718527585113,
      "support": 95.0
    },
    "weighted avg": {
      "precision": 0.8284047074207257,
      "recall": 0.8315789473684211,
      "f1-score": 0.8241096962452371,
      "support": 95.0
    }
  },
  "confusion_matrix": [
    [
      18,
      0,
      0,
      0,
      0
    ],
    [
      0,
      10,
      2,
      0,
      1
    ],
    [
      0,
      0,
      20,
      0,
      0
    ],
    [
      2,
      0,
      1,
      8,
      4
    ],
    [
      0,
      4,
      0,
      2,
      23
    ]
  ]
}